,Pd,Ps,CompSpeed,ST,CompSpeed_rated,Fw,T_dis,SSH,EXV,Fan,ODU_Mode,STARTUP_Mode,DEFROST_Mode,Current,WORK_MINUTES,Timedelta,flag,Fan_cu,Comp_cu,T_dis_es,T_dis_delay,T_diff
2023-04-09 09:05:00.306,1878.614306640625,1750.9720947265625,0.0,32.900001525878906,3600,0.8,38.79999923706055,5.694889545440674,0,0,10,9,0,0.0,0.0,0,2,-0.0022823862999999996,0.0022823862999999996,35.47581132310314,35.47581132310314,-3.3241879139574095
2023-04-09 09:05:02.960,1857.6393310546875,1764.3541748046875,0.0,32.900001525878906,3600,0.8,38.79999923706055,5.404870986938477,17,365,10,9,0,0.0,0.0,2,2,0.12330250150000001,-0.12330250150000001,34.7909330503566,35.46899667042773,-3.3310025666328187
2023-04-09 09:05:04.956,1833.8676025390625,1770.4369384765625,0.0,33.0,3600,0.8,38.900001525878906,5.373505592346191,32,497,10,9,0,0.0,0.0,4,2,0.16871950389999998,-0.16871950389999998,34.2874592688283,35.457240176850235,-3.4427613490286717
2023-04-09 09:05:06.980,1815.6892578125,1771.04521484375,0.0,33.0,3600,0.8,38.79999923706055,5.360365867614746,32,519,10,9,0,0.0,0.0,6,2,0.17629302989999998,-0.17629302989999998,33.9071602386314,35.441816623762875,-3.3581826132976715
2023-04-09 09:05:08.977,1801.7059814453125,1769.828662109375,0.0,33.0,3600,0.8,38.79999923706055,5.386640548706055,32,518,10,9,0,0.0,0.0,8,2,0.17594896689999998,-0.17594896689999998,33.64801584032978,35.42396800774684,-3.3760312293137034
2023-04-09 09:05:10.995,1790.5193359375,1768.0038330078125,0.0,33.0,3600,0.8,38.79999923706055,5.426050662994385,32,519,10,9,0,0.0,0.0,10,2,0.17629302989999998,-0.17629302989999998,33.45775486606697,35.404403860102555,-3.395595376957992
2023-04-09 09:05:12.994,1782.128955078125,1767.395556640625,0.0,33.099998474121094,3600,0.8,38.79999923706055,5.539182186126709,32,516,10,10,0,0.0,0.0,12,2,0.1752568049,-0.1752568049,33.399163188333674,35.384451382045526,-3.4155478550150207
2023-04-09 09:05:14.993,1775.1373779296875,1766.78740234375,0.0,33.099998474121094,3600,0.8,38.79999923706055,5.552317142486572,32,735,10,10,0,0.0,0.0,14,2,0.2506117611,-0.2506117611,33.26957940001684,35.36340805422511,-3.4365911828354356
2023-04-09 09:05:16.004,1773.7390625,1765.57060546875,0.0,33.099998474121094,3600,0.8,38.79999923706055,5.578596115112305,32,808,10,10,0,0.0,0.0,15,2,0.27572471930000003,-0.27572471930000003,33.26585190729359,35.352946449297775,-3.4470527877627717
2023-04-09 09:05:18.022,1769.54423828125,1764.3541748046875,0.0,33.20000076293945,3600,0.8,38.79999923706055,5.70487117767334,32,618,10,10,0,0.0,0.0,17,2,0.21035578689999998,-0.21035578689999998,33.30520764272315,35.332571107734076,-3.4674281293264713
2023-04-09 09:05:20.022,1924.759326171875,1670.6794921875,1229.3999862670898,33.20000076293945,3600,0.8,38.79999923706055,7.7729926109313965,32,728,10,11,0,0.0,0.01666666753590107,19,0,0.2481992633,-0.2481992633,40.55398723978816,35.367264774563374,-3.432734462497173
2023-04-09 09:05:22.033,2065.9913818359373,1624.4506103515625,1311.6000366210938,33.20000076293945,3600,0.8,38.79999923706055,8.825666427612305,32,691,3,0,0,0.0,0.05000000074505806,21,0,0.2354727603,-0.2354727603,46.286243481188876,35.43981586028096,-3.360183376779588
2023-04-09 09:05:24.040,2179.256640625,1592.211962890625,1399.1999816894531,33.20000076293945,3600,0.8,38.70000076293945,9.574004173278809,32,714,3,0,0,0.0,0.0833333358168602,23,0,0.2433863341,-0.2433863341,50.62650542584411,35.54072372410608,-3.1592770388333733
2023-04-09 09:05:26.049,2285.530322265625,1516.7858154296875,1474.7999954223633,32.900001525878906,3600,0.8,38.79999923706055,11.069149017333984,32,694,3,0,0,0.0,0.11666666716337204,25,0,0.2365049701,-0.2365049701,55.78995951758907,35.67526964467621,-3.124729592384334
2023-04-09 09:05:28.070,2344.260302734375,1398.171923828125,1565.4000091552734,32.400001525878906,3600,0.8,38.900001525878906,13.532888412475586,32,469,3,0,0,0.0,0.15000000596046448,27,0,0.1590855943,-0.1590855943,61.03698518445034,35.84378540494184,-3.0562161209370657
2023-04-09 09:05:30.086,2376.421923828125,1272.25859375,1643.9999771118164,31.69999885559082,3600,0.8,39.0,16.193862915039062,32,815,3,0,0,0.0,0.18333333730697632,29,0,0.2781372171,-0.2781372171,65.96309720921168,36.04391298382798,-2.9560870161720203
2023-04-09 09:05:32.085,2398.795458984375,1176.150927734375,1735.8000183105469,31.000001907348633,3600,0.8,39.19999694824219,18.231521606445312,32,563,3,0,0,0.0,0.21666666865348816,31,0,0.19143203069999998,-0.19143203069999998,69.84493094446923,36.26850363624093,-2.9314933120012583
2023-04-09 09:05:34.106,2414.17705078125,1056.320361328125,1795.8000183105469,30.200000762939453,3600,0.8,39.400001525878906,21.0915584564209,32,748,3,0,0,0.0,0.25,33,0,0.25508062730000003,-0.25508062730000003,74.9332657439055,36.52541140621589,-2.8745901196630186
2023-04-09 09:05:36.116,2422.5671875,967.5120727539063,1878.599967956543,29.5,3600,0.8,39.599998474121094,23.311094284057617,32,661,3,0,0,0.0,0.28333336114883423,35,0,0.2251466887,-0.2251466887,79.0348668647624,36.807865217112095,-2.7921332570089987
2023-04-09 09:05:38.123,2429.55888671875,886.6114379882813,1964.4001007080078,28.999998092651367,3600,0.8,40.0,25.65216636657715,32,728,3,0,0,0.0,0.31666672229766846,37,0,0.2481992633,-0.2481992633,83.38840817128155,37.11736934340817,-2.8826306565918287
2023-04-09 09:05:40.134,2435.151904296875,816.0512573242188,2053.2000732421875,28.500001907348633,3600,0.8,40.20000076293945,27.794464111328125,32,695,3,0,0,0.0,0.3500000834465027,39,0,0.2368490331,-0.2368490331,87.62873277066586,37.45299178175027,-2.7470089811891825
2023-04-09 09:05:42.134,2440.745654296875,741.2333251953125,2133.600082397461,28.0,3600,0.8,40.5,30.291866302490234,32,455,3,0,0,6.299450397491455,0.3833334445953369,41,0,0.1542726651,6.145177732391455,92.89239117360509,37.8213585242341,-2.6786414757659003
2023-04-09 09:05:44.155,2440.745654296875,684.0554077148438,2219.400100708008,27.700000762939453,3600,0.8,40.80000305175781,32.44031524658203,32,813,3,0,0,6.264036655426025,0.41666680574417114,43,0,0.27744505510000006,5.986591600326025,97.50788992528238,38.21794530878706,-2.582057742970754
2023-04-09 09:05:46.173,2439.347216796875,633.5683471679688,2295.599899291992,27.399999618530273,3600,0.8,41.099998474121094,34.43511199951172,32,613,3,0,0,6.370278358459473,0.45000016689300537,45,0,0.2086314151,6.1616469433594725,102.146856308883,38.64272055804965,-2.4572779160714404
2023-04-09 09:05:48.174,2437.9490234375,588.5559875488282,2387.999954223633,27.19999885559082,3600,0.8,41.400001525878906,36.40147018432617,32,695,3,0,0,6.41454553604126,0.5000001788139343,47,0,0.2368490331,6.177696502941259,106.96352088880539,39.0966776884984,-2.3033238373805034
2023-04-09 09:05:50.184,2433.753955078125,547.8014404296875,2313.600082397461,27.099998474121094,3600,0.8,41.599998474121094,38.37366485595703,32,396,3,0,0,0.0,0.5333334803581238,49,0,0.1339686209,-0.1339686209,112.5210138546224,39.58454523088246,-2.015453243238632
2023-04-09 09:05:52.191,2429.55888671875,531.3779479980469,2110.800018310547,26.899999618530273,3600,0.8,41.900001525878906,39.042320251464844,32,778,3,0,0,0.0,0.5666667819023132,51,0,0.2654066989,-0.2654066989,115.30440399534355,40.0876653588126,-1.8123361670663058
2023-04-09 09:05:54.202,2422.5671875,520.4289733886719,2036.399917602539,26.799999237060547,3600,0.8,42.099998474121094,39.53264617919922,32,411,3,0,0,0.0,0.6000000834465027,53,0,0.1391336643,-0.1391336643,116.93705548069242,40.59829065078185,-1.5017078233392454
2023-04-09 09:05:56.222,2421.16875,515.56279296875,0.0,26.799999237060547,3600,0.8,42.20000076293945,39.79792785644531,32,585,14,0,0,0.0,0.0,55,2,0.19899750549999998,-0.19899750549999998,137.64130344267326,41.563884761542774,-0.6361160013966796
2023-04-09 09:05:58.219,2372.227099609375,686.4883911132813,0.0,26.799999237060547,3600,0.8,42.599998474121094,31.433364868164062,32,465,14,0,0,0.0,0.0,57,2,0.15770932149999997,-0.15770932149999997,103.98339895829803,42.18496930509665,-0.415029169024443
2023-04-09 09:06:00.219,2340.065234375,802.66923828125,0.0,26.69999885559082,3600,0.8,42.70000076293945,26.51467514038086,40,274,14,0,0,0.0,0.0,59,2,0.09199632610000001,-0.09199632610000001,90.2872508602632,42.66359500361488,-0.03640575932457324
2023-04-09 09:06:02.238,2313.497119140625,908.509326171875,0.0,26.799999237060547,3600,0.8,42.900001525878906,22.66461944580078,40,187,14,0,0,0.0,0.0,61,2,0.0620623875,-0.0620623875,80.95132486281896,43.0445642810809,0.14456275520199569
2023-04-09 09:06:04.257,2289.725146484375,1007.05009765625,0.0,26.799999237060547,3600,0.8,43.0,19.2876033782959,40,136,14,0,0,0.0,0.0,63,2,0.0445108889,-0.0445108889,73.6834414569571,43.34942620271969,0.34942620271969105
2023-04-09 09:06:06.257,2263.156787109375,1115.9315673828125,0.0,26.799999237060547,3600,0.8,43.20000076293945,15.834005355834961,40,101,14,0,0,0.0,0.0,65,2,0.032468496699999995,-0.032468496699999995,66.75480286871276,43.582313591709664,0.38231282877021044
2023-04-09 09:06:08.275,2243.580126953125,1203.5233642578125,0.0,26.899999618530273,3600,0.8,43.400001525878906,13.334634780883789,40,74,14,0,0,0.0,0.0,67,2,0.023182686100000002,-0.023182686100000002,61.92799461321302,43.764856167858355,0.3648546419794485
2023-04-09 09:06:10.275,2225.401904296875,1285.0323974609375,0.0,27.0,3600,0.8,43.400001525878906,11.141156196594238,40,54,14,0,0,0.0,0.0,69,2,0.0163013221,-0.0163013221,57.79717854743073,43.904480108420366,0.5044785825414593
2023-04-09 09:06:12.757,2200.23173828125,1384.1814453125,0.0,27.0,3600,0.8,43.5,8.494796752929688,40,39,14,0,0,0.0,0.0,72,2,0.0111402939,-0.0111402939,52.92043635428386,44.038710209544924,0.5387102095449237
2023-04-09 09:06:14.755,2180.654833984375,1454.1332275390625,0.0,27.099998474121094,3600,0.8,43.599998474121094,6.81174373626709,40,32,14,0,0,0.0,0.0,74,2,0.008727796099999999,-0.008727796099999999,49.69678634484291,44.095009007751,0.4950105336299089
2023-04-09 09:06:16.766,2159.67998046875,1529.559619140625,0.0,27.299999237060547,3600,0.8,43.599998474121094,5.159721374511719,40,32,14,0,0,0.0,0.0,76,2,0.008727796099999999,-0.008727796099999999,46.44342051617184,44.11837609268515,0.5183776185640596
2023-04-09 09:06:18.786,2144.2982666015623,1589.7789794921875,0.0,27.399999618530273,3600,0.8,43.5,3.830939292907715,40,32,14,0,0,0.0,0.0,78,2,0.008727796099999999,-0.008727796099999999,43.917327084771976,44.11637562163185,0.6163756216318532
2023-04-09 09:06:20.806,2126.1200439453123,1644.5238525390625,0.0,27.5,3600,0.8,43.5,2.6661131381988525,40,264,14,0,0,0.0,0.0,80,2,0.0885516185,-0.0885516185,41.55404382399549,44.09087999425558,0.5908799942555802
2023-04-09 09:06:22.805,2116.3319580078123,1691.969287109375,0.0,27.5,3600,0.8,43.599998474121094,1.5955861806869507,40,344,14,0,0,0.0,0.0,82,2,0.1160770745,-0.1160770745,39.578136807682434,44.045977449301866,0.4459789751807719
2023-04-09 09:06:24.817,2106.543017578125,1726.641162109375,0.0,27.700000762939453,3600,0.8,43.599998474121094,1.0268571376800537,40,491,14,0,0,0.0,0.0,84,2,0.1666591203,-0.1666591203,38.02315493076058,43.986049363943124,0.3860508898220303
2023-04-09 09:06:26.821,2098.1532470703123,1742.4562255859375,0.0,27.80000114440918,3600,0.8,43.5,0.7808854579925537,40,518,14,0,0,0.0,0.0,86,2,0.17594896689999998,-0.17594896689999998,37.26108646067144,43.919134865024894,0.41913486502489405
2023-04-09 09:06:28.840,2081.3732177734373,1751.5804931640625,0.0,27.900001525878906,3600,0.8,43.5,0.6816016435623169,40,516,14,0,0,0.0,0.0,88,2,0.1752568049,-0.1752568049,35.63335525299668,43.83668998036746,0.3366899803674599
2023-04-09 09:06:30.848,2058.9998046875,1756.44658203125,0.0,28.100000381469727,3600,0.8,43.5,0.7756423950195312,40,518,14,0,0,0.0,0.0,90,2,0.17594896689999998,-0.17594896689999998,35.965746459545514,43.758372783784374,0.2583727837843739
2023-04-09 09:06:32.871,2032.4313232421875,1761.31279296875,0.0,28.200000762939453,3600,0.8,43.30000305175781,0.7705519199371338,40,516,14,0,0,0.0,0.0,92,2,0.1752568049,-0.1752568049,35.123963150788846,43.67245897245829,0.3724559207004745
2023-04-09 09:06:34.888,2014.252734375,1763.7460205078125,0.0,28.30000114440918,3600,0.8,43.400001525878906,0.818002462387085,40,518,14,0,0,0.0,0.0,94,2,0.17594896689999998,-0.17594896689999998,34.61358021579438,43.582321622783354,0.18232009690444784
2023-04-09 09:06:36.906,1993.2780029296875,1766.17900390625,0.0,28.400001525878906,3600,0.8,43.20000076293945,0.8654615879058838,40,518,14,0,0,0.0,0.0,96,2,0.17594896689999998,-0.17594896689999998,34.011610444593934,43.48709145542168,0.28709069248222363
2023-04-09 09:06:38.922,1969.50615234375,1768.0038330078125,0.0,28.500001907348633,3600,0.8,43.0,0.926051676273346,40,516,14,0,0,0.0,0.0,98,2,0.1752568049,-0.1752568049,33.33555743903095,43.38608200425762,0.3860820042576165
2023-04-09 09:06:40.923,1951.3279296875,1769.2203857421875,0.0,28.60000228881836,3600,0.8,43.20000076293945,0.99977707862854,40,518,14,0,0,0.0,0.0,100,2,0.17594896689999998,-0.17594896689999998,32.8404006162146,43.28115072121828,0.08114995827882865
2023-04-09 09:06:42.934,1933.149462890625,1770.4369384765625,0.0,28.799997329711914,3600,0.8,43.099998474121094,1.1735025644302368,40,517,14,0,0,0.0,0.0,102,2,0.17560086789999999,-0.17560086789999999,32.434318798319346,43.17322294029061,0.07322446616951339
2023-04-09 09:06:44.954,1914.9711181640625,1770.4369384765625,0.0,28.89999771118164,3600,0.8,43.0,1.2735028266906738,40,519,14,0,0,0.0,0.0,104,2,0.17629302989999998,-0.17629302989999998,31.998154593731147,43.06202915237793,0.062029152377931496
2023-04-09 09:06:46.955,1895.3944580078125,1770.4369384765625,0.0,28.999998092651367,3600,0.8,43.0,1.3735029697418213,40,517,14,0,0,0.0,0.0,106,2,0.17560086789999999,-0.17560086789999999,31.67856769866179,42.94876181840352,-0.051238181596481525
2023-04-09 09:06:48.973,1878.614306640625,1771.04521484375,0.0,29.099998474121094,3600,0.8,42.900001525878906,1.4603636264801025,40,515,14,0,0,0.0,0.0,108,2,0.17491675710000001,-0.17491675710000001,31.40568147281276,42.83390624991818,-0.06609527596072695
2023-04-09 09:06:50.975,1863.2325927734375,1771.653369140625,0.0,29.19999885559082,3600,0.8,42.79999923706055,1.547232747077942,40,516,14,0,0,0.0,0.0,110,2,0.1752568049,-0.1752568049,31.162584158643895,42.717774654742996,-0.0822245823175507
2023-04-09 09:06:52.990,1853.444140625,1769.828662109375,0.0,29.299999237060547,3600,0.8,42.79999923706055,1.6866387128829956,34,516,14,0,0,0.0,0.0,112,2,0.1752568049,-0.1752568049,31.08978985228932,42.602074272796436,-0.19792496426411077
2023-04-09 09:06:54.991,1846.4525634765625,1766.17900390625,0.0,29.399999618530273,3600,0.8,42.70000076293945,1.8654589653015137,24,514,14,0,0,0.0,0.0,114,2,0.17457269409999998,-0.17457269409999998,31.115089126746426,42.4877768608724,-0.212223902067052
2023-04-09 09:06:57.008,1847.8510009765625,1760.704638671875,0.0,29.5,3600,0.8,42.5,2.0836808681488037,14,519,14,0,0,0.0,0.0,116,2,0.17629302989999998,-0.17629302989999998,31.35656731125716,42.37701947528088,-0.12298052471911802
2023-04-09 09:06:59.007,1857.6393310546875,1754.621875,0.0,29.599998474121094,3600,0.8,42.5,2.315169334411621,4,516,14,0,0,0.0,0.0,118,2,0.1752568049,-0.1752568049,31.786784050693303,42.27164487217079,-0.22835512782921086
2023-04-09 09:07:01.026,1864.6310302734375,1751.5804931640625,0.0,29.69999885559082,3600,0.8,42.5,2.481600522994995,0,518,14,0,0,0.0,0.0,120,2,0.17594896689999998,-0.17594896689999998,32.093370949315094,42.17036935449187,-0.32963064550813215
2023-04-09 09:07:03.025,1870.224169921875,1752.7968017578125,0.0,29.69999885559082,3600,0.8,42.400001525878906,2.455033302307129,0,518,14,0,0,0.0,0.0,122,2,0.17594896689999998,-0.17594896689999998,32.18583210045488,42.07102154887657,-0.3289799770023336
2023-04-09 09:07:05.038,1875.817919921875,1752.7968017578125,0.0,29.799999237060547,3600,0.8,42.29999923706055,2.5550334453582764,0,517,14,0,0,0.0,0.0,124,2,0.17560086789999999,-0.17560086789999999,32.399499491248015,41.97478829650458,-0.32521094055596933
2023-04-09 09:07:07.058,1877.215869140625,1754.0134765625,0.0,29.899999618530273,3600,0.8,42.29999923706055,2.62845778465271,0,518,14,0,0,0.0,0.0,126,2,0.17594896689999998,-0.17594896689999998,32.50008833312764,41.88051345669223,-0.4194857803683192
2023-04-09 09:07:09.059,1880.0126220703125,1753.4052001953125,0.0,30.0,3600,0.8,42.20000076293945,2.741745948791504,0,517,14,0,0,0.0,0.0,128,2,0.17560086789999999,-0.17560086789999999,32.66719236415657,41.788839380099205,-0.4111613828402483
2023-04-09 09:07:11.069,1882.8094970703125,1754.0134765625,0.0,30.0,3600,0.8,42.099998474121094,2.7284579277038574,0,518,14,0,0,0.0,0.0,130,2,0.17594896689999998,-0.17594896689999998,32.71319397314697,41.698535199466434,-0.4014632746546596
2023-04-09 09:07:13.069,1884.2074462890625,1754.621875,0.0,30.100000381469727,3600,0.8,42.099998474121094,2.8151702880859375,0,518,14,0,0,0.0,0.0,132,2,0.17594896689999998,-0.17594896689999998,32.826029356758646,41.610252291270015,-0.4897461828510785
2023-04-09 09:07:15.090,1885.6058837890625,1755.230029296875,0.0,30.200000762939453,3600,0.8,42.099998474121094,2.90191650390625,0,517,14,0,0,0.0,0.0,134,2,0.17560086789999999,-0.17560086789999999,32.938839181308815,41.52397028919626,-0.5760281849248372
2023-04-09 09:07:17.108,1889.800830078125,1755.230029296875,0.0,30.30000114440918,3600,0.8,42.0,3.0019166469573975,0,517,14,0,0,0.0,0.0,136,2,0.17560086789999999,-0.17560086789999999,33.12209795543766,41.44037026265709,-0.5596297373429096
2023-04-09 09:07:19.109,1891.199267578125,1755.230029296875,0.0,30.30000114440918,3600,0.8,41.900001525878906,3.0019166469573975,0,518,14,0,0,0.0,0.0,138,2,0.17594896689999998,-0.17594896689999998,33.15116304882498,41.35789127279187,-0.5421102530870385
2023-04-09 09:07:21.127,1889.800830078125,1755.83818359375,0.0,30.400001525878906,3600,0.8,41.900001525878906,3.0887815952301025,0,516,14,0,0,0.0,0.0,140,2,0.1752568049,-0.1752568049,33.20569571673531,41.276775571699815,-0.623225954179091
2023-04-09 09:07:23.126,1891.199267578125,1755.230029296875,0.0,30.5,3600,0.8,41.79999923706055,3.2019169330596924,0,516,14,0,0,0.0,0.0,142,2,0.1752568049,-0.1752568049,33.342922670573074,41.19783241632396,-0.6021668207365849
2023-04-09 09:07:25.139,1892.597705078125,1755.83818359375,0.0,30.5,3600,0.8,41.69999694824219,3.18878173828125,0,517,14,0,0,0.0,0.0,144,2,0.17560086789999999,-0.17560086789999999,33.35960848600061,41.11984078510599,-0.5801561631361949
2023-04-09 09:07:27.144,1893.9960205078125,1755.83818359375,0.0,30.600000381469727,3600,0.8,41.69999694824219,3.2887818813323975,0,518,14,0,0,0.0,0.0,146,2,0.17594896689999998,-0.17594896689999998,33.48440749310936,41.04386695445349,-0.6561299937886957
2023-04-09 09:07:29.161,1893.9960205078125,1755.83818359375,0.0,30.600000381469727,3600,0.8,41.69999694824219,3.2887818813323975,0,517,14,0,0,0.0,0.0,148,2,0.17560086789999999,-0.17560086789999999,33.48440749310936,40.968649076046695,-0.7313478721954922
2023-04-09 09:07:31.160,1893.9960205078125,1756.44658203125,0.0,30.700000762939453,3600,0.8,41.599998474121094,3.3756425380706787,0,517,14,0,0,0.0,0.0,150,2,0.17560086789999999,-0.17560086789999999,33.56797239437499,40.89501111269541,-0.7049873614256867
2023-04-09 09:07:33.171,1893.9960205078125,1757.0548583984375,0.0,30.80000114440918,3600,0.8,41.5,3.462507486343384,0,519,14,0,0,0.0,0.0,152,2,0.17629302989999998,-0.17629302989999998,33.65157506624003,40.82293771980591,-0.6770622801940931
2023-04-09 09:07:35.191,1893.9960205078125,1757.0548583984375,0.0,30.80000114440918,3600,0.8,41.5,3.462507486343384,0,518,14,0,0,0.0,0.0,154,2,0.17594896689999998,-0.17594896689999998,33.65157506624003,40.75158146915792,-0.7484185308420805
2023-04-09 09:07:37.210,1895.3944580078125,1757.6632568359375,0.0,30.900001525878906,3600,0.8,41.400001525878906,3.549368143081665,0,517,14,0,0,0.0,0.0,156,2,0.17560086789999999,-0.17560086789999999,33.76403901318661,40.68205426003626,-0.7179472658426462
2023-04-09 09:07:39.210,1895.3944580078125,1757.6632568359375,0.0,30.900001525878906,3600,0.8,41.400001525878906,3.549368143081665,0,518,14,0,0,0.0,0.0,158,2,0.17594896689999998,-0.17594896689999998,33.76403901318661,40.61321885820431,-0.7867826676745935
2023-04-09 09:07:41.222,1895.3944580078125,1757.6632568359375,0.0,31.000001907348633,3600,0.8,41.400001525878906,3.6493682861328125,0,517,14,0,0,0.0,0.0,160,2,0.17560086789999999,-0.17560086789999999,33.85988714795259,40.54602208494029,-0.8539794409386161
2023-04-09 09:07:43.222,1895.3944580078125,1757.6632568359375,0.0,31.000001907348633,3600,0.8,41.29999923706055,3.6493682861328125,0,518,14,0,0,0.0,0.0,162,2,0.17594896689999998,-0.17594896689999998,33.85988714795259,40.47949393074177,-0.820505306318779
2023-04-09 09:07:45.243,1895.3944580078125,1758.8796875,0.0,31.10000228881836,3600,0.8,41.099998474121094,3.723097801208496,0,517,14,0,0,0.0,0.0,164,2,0.17560086789999999,-0.17560086789999999,33.931353203447514,40.41433884187135,-0.6856596322497452
2023-04-09 09:07:47.263,1896.7926513671875,1759.487841796875,0.0,31.200002670288086,3600,0.8,41.20000076293945,3.809967041015625,0,516,14,0,0,0.0,0.0,166,2,0.1752568049,-0.1752568049,34.043777759366954,40.35095069998935,-0.8490500629501057
2023-04-09 09:07:49.263,1896.7926513671875,1758.8796875,0.0,31.200002670288086,3600,0.8,41.0,3.8230981826782227,0,517,14,0,0,0.0,0.0,168,2,0.17560086789999999,-0.17560086789999999,34.055951447621595,40.28831441087942,-0.7116855891205773
2023-04-09 09:07:51.274,1896.7926513671875,1760.096240234375,0.0,31.299997329711914,3600,0.8,41.099998474121094,3.8968191146850586,0,519,14,0,0,0.0,0.0,170,2,0.17629302989999998,-0.17629302989999998,34.127478791945514,40.22701307222698,-0.8729854018941126
2023-04-09 09:07:53.280,1893.9960205078125,1760.096240234375,0.0,31.299997329711914,3600,0.8,41.099998474121094,3.8968191146850586,0,518,14,0,0,0.0,0.0,172,2,0.17594896689999998,-0.17594896689999998,34.070111566420934,40.165750878654215,-0.9342475954668785
2023-04-09 09:07:55.291,1893.9960205078125,1760.096240234375,0.0,31.39999771118164,3600,0.8,41.099998474121094,3.996819496154785,0,517,14,0,0,0.0,0.0,174,2,0.17560086789999999,-0.17560086789999999,34.16608313216764,40.10605318712692,-0.9939452869941761
2023-04-09 09:07:57.311,1893.9960205078125,1760.704638671875,0.0,31.39999771118164,3600,0.8,41.0,3.98367977142334,0,517,14,0,0,0.0,0.0,177,2,0.17560086789999999,-0.17560086789999999,34.153923053627,40.01743751420894,-0.9825624857910569
2023-04-09 09:07:59.330,1893.9960205078125,1760.704638671875,0.0,31.499998092651367,3600,0.8,41.0,4.083680152893066,0,518,14,0,0,0.0,0.0,179,2,0.17594896689999998,-0.17594896689999998,34.249915419144024,39.960049710507704,-1.039950289492296
2023-04-09 09:08:01.330,1893.9960205078125,1761.31279296875,0.0,31.499998092651367,3600,0.8,40.900001525878906,4.070549011230469,0,515,14,0,0,0.0,0.0,181,2,0.17491675710000001,-0.17491675710000001,34.23777453241092,39.90311212115263,-0.9968894047262751
2023-04-09 09:08:03.341,1892.597705078125,1761.9210693359375,0.0,31.599998474121094,3600,0.8,40.80000305175781,4.15740966796875,0,519,14,0,0,0.0,0.0,183,2,0.17629302989999998,-0.17629302989999998,34.29307221062464,39.847291291369075,-0.9527117603887376
2023-04-09 09:08:05.340,1892.597705078125,1761.31279296875,0.0,31.599998474121094,3600,0.8,40.900001525878906,4.170549392700195,0,516,14,0,0,0.0,0.0,185,2,0.1752568049,-0.1752568049,34.30520627913975,39.79214662412115,-1.1078549017577544
2023-04-09 09:08:07.365,1892.597705078125,1761.9210693359375,0.0,31.69999885559082,3600,0.8,40.80000305175781,4.257410049438477,0,518,14,0,0,0.0,0.0,187,2,0.17594896689999998,-0.17594896689999998,34.38914609501611,39.738385870603224,-1.0616171811545883
2023-04-09 09:08:09.356,1892.597705078125,1762.5292236328125,0.0,31.69999885559082,3600,0.8,40.80000305175781,4.244278907775879,0,516,14,0,0,0.0,0.0,189,2,0.1752568049,-0.1752568049,34.377028766926436,39.68503947609156,-1.114963575666252
2023-04-09 09:08:11.376,1891.199267578125,1762.5292236328125,0.0,31.69999885559082,3600,0.8,40.70000076293945,4.244278907775879,0,518,14,0,0,0.0,0.0,191,2,0.17594896689999998,-0.17594896689999998,34.34846979348636,39.63193972054049,-1.0680610423989663
2023-04-09 09:08:13.396,1891.199267578125,1762.5292236328125,0.0,31.799999237060547,3600,0.8,40.70000076293945,4.344278812408447,0,515,14,0,0,0.0,0.0,193,2,0.17491675710000001,-0.17491675710000001,34.44460441756222,39.580324871877046,-1.119675891062407
2023-04-09 09:08:15.398,1889.800830078125,1761.9210693359375,0.0,31.899999618530273,3600,0.8,40.70000076293945,4.4574103355407715,0,519,14,0,0,0.0,0.0,195,2,0.17629302989999998,-0.17629302989999998,34.52434904712796,39.530017071860605,-1.1699836910788477
2023-04-09 09:08:17.408,1889.800830078125,1762.5292236328125,0.0,31.899999618530273,3600,0.8,40.599998474121094,4.444279193878174,0,515,14,0,0,0.0,0.0,197,2,0.17491675710000001,-0.17491675710000001,34.51225779663245,39.480089532865435,-1.1199089412556589
2023-04-09 09:08:19.430,1888.40263671875,1761.9210693359375,0.0,31.899999618530273,3600,0.8,40.599998474121094,4.4574103355407715,0,516,14,0,0,0.0,0.0,199,2,0.1752568049,-0.1752568049,34.495870307414506,39.43049572294161,-1.1695027511794862
2023-04-09 09:08:21.431,1889.800830078125,1761.9210693359375,0.0,32.0,3600,0.8,40.5,4.55741024017334,0,518,14,0,0,0.0,0.0,201,2,0.17594896689999998,-0.17594896689999998,34.6205108359838,39.38263557365239,-1.1173644263476135
2023-04-09 09:08:23.442,1888.40263671875,1761.9210693359375,0.0,32.0,3600,0.8,40.5,4.55741024017334,0,517,14,0,0,0.0,0.0,203,2,0.17560086789999999,-0.17560086789999999,34.59207213333716,39.33496867098609,-1.1650313290139067
2023-04-09 09:08:25.462,1888.40263671875,1762.5292236328125,0.0,32.0,3600,0.8,40.5,4.544279098510742,0,517,14,0,0,0.0,0.0,205,2,0.17560086789999999,-0.17560086789999999,34.57999392782207,39.287655881773105,-1.2123441182268948
2023-04-09 09:08:27.462,1885.6058837890625,1761.9210693359375,0.0,32.099998474121094,3600,0.8,40.5,4.657410621643066,0,518,14,0,0,0.0,0.0,207,2,0.17594896689999998,-0.17594896689999998,34.63145547669625,39.2413259136454,-1.2586740863546027
2023-04-09 09:08:29.469,1885.6058837890625,1762.5292236328125,0.0,32.20000076293945,3600,0.8,40.5,4.744279861450195,0,517,14,0,0,0.0,0.0,209,2,0.17560086789999999,-0.17560086789999999,34.71569230137769,39.19629510681298,-1.3037048931870174
2023-04-09 09:08:31.477,1885.6058837890625,1761.9210693359375,0.0,32.20000076293945,3600,0.8,40.400001525878906,4.757410526275635,0,516,14,0,0,0.0,0.0,211,2,0.1752568049,-0.1752568049,34.72774440766281,39.15183228445617,-1.2481692414227368
2023-04-09 09:08:33.496,1884.2074462890625,1762.5292236328125,0.0,32.20000076293945,3600,0.8,40.400001525878906,4.744279861450195,0,516,14,0,0,0.0,0.0,213,2,0.1752568049,-0.1752568049,34.687309351685414,39.10740953904445,-1.2925919868344593
2023-04-09 09:08:35.495,1884.2074462890625,1763.1376220703125,0.0,32.29999923706055,3600,0.8,40.400001525878906,4.831140518188477,0,517,14,0,0,0.0,0.0,215,2,0.17560086789999999,-0.17560086789999999,34.77160764458975,39.06426758936395,-1.3357339365149556
2023-04-09 09:08:37.494,1882.8094970703125,1763.1376220703125,0.0,32.29999923706055,3600,0.8,40.29999923706055,4.831140518188477,0,520,14,0,0,0.0,0.0,217,2,0.17663307769999997,-0.17663307769999997,34.74326496567047,39.02127289488792,-1.2787263421726252
